Type	SBS88
A[C>A]A	1.0042677242103993e-18
A[C>A]C	9.89029641848404e-19
A[C>A]G	1.0313553920149224e-18
A[C>A]T	0.0017377571044156072
A[C>G]A	1.0042677242103993e-18
A[C>G]C	0.003994926112480463
A[C>G]G	1.0313553920149224e-18
A[C>G]T	0.004054766576969749
A[C>T]A	0.010430940199764148
A[C>T]C	9.89029641848404e-19
A[C>T]G	0.01309279783142604
A[C>T]T	1.003844432283948e-18
A[T>A]A	0.0476616462845083
A[T>A]C	0.02372084999980067
A[T>A]G	0.0005744160717695125
A[T>A]T	0.042531124549360755
A[T>C]A	0.11082768322929273
A[T>C]C	0.04570602819512419
A[T>C]G	0.006318576789464638
A[T>C]T	0.1689750114136159
A[T>G]A	0.008039314154846091
A[T>G]C	0.005207015413431443
A[T>G]G	0.00229766428707805
A[T>G]T	0.00747168451355194
C[C>A]A	9.9300264214763e-19
C[C>A]C	9.863457431137525e-19
C[C>A]G	1.0021316483129098e-18
C[C>A]T	9.930324448524083e-19
C[C>G]A	0.004583970292872125
C[C>G]C	0.001138310059063802
C[C>G]G	1.0021316483129098e-18
C[C>G]T	0.0028650674189148223
C[C>T]A	9.9300264214763e-19
C[C>T]C	9.863457431137525e-19
C[C>T]G	1.0021316483129098e-18
C[C>T]T	0.004011094386480752
C[T>A]A	9.983375018752596e-19
C[T>A]C	0.0034669072375189502
C[T>A]G	9.98355047816622e-19
C[T>A]T	1.0048691080801213e-18
C[T>C]A	9.983375018752596e-19
C[T>C]C	0.0017334536187594751
C[T>C]G	9.98355047816622e-19
C[T>C]T	1.0048691080801213e-18
C[T>G]A	9.983375018752596e-19
C[T>G]C	0.0023112714916793003
C[T>G]G	0.002304339226647267
C[T>G]T	1.0048691080801213e-18
G[C>A]A	0.008659408890029799
G[C>A]C	9.866999431262937e-19
G[C>A]G	0.000581871221234086
G[C>A]T	0.0034462911081779555
G[C>G]A	1.000450336211207e-18
G[C>G]C	0.0017080782449458128
G[C>G]G	0.000581871221234086
G[C>G]T	0.006892583211759738
G[C>T]A	0.0005772938593052976
G[C>T]C	9.866999431262937e-19
G[C>T]G	0.0064005834335749455
G[C>T]T	0.0034462911081779555
G[T>A]A	9.925576808126431e-19
G[T>A]C	0.005166346945056822
G[T>A]G	0.0028939434732031103
G[T>A]T	0.015195247875870772
G[T>C]A	9.925576808126431e-19
G[T>C]C	0.0034442312967045484
G[T>C]G	0.0005787886946406222
G[T>C]T	0.013441950160903575
G[T>G]A	9.925576808126431e-19
G[T>G]C	0.0017221156483522742
G[T>G]G	0.0028939434732031103
G[T>G]T	0.013441950160903575
T[C>A]A	1.0043594372290217e-18
T[C>A]C	0.0023139744371574885
T[C>A]G	0.0005885010953934305
T[C>A]T	0.010476547261767619
T[C>G]A	1.0043594372290217e-18
T[C>G]C	1.0025295030957832e-18
T[C>G]G	0.0005885010953934305
T[C>G]T	0.004074212431764591
T[C>T]A	1.0043594372290217e-18
T[C>T]C	1.0025295030957832e-18
T[C>T]G	0.009416018546167366
T[C>T]T	1.0086586707108102e-18
T[T>A]A	0.021057472410246234
T[T>A]C	1.0177946929976958e-18
T[T>A]G	0.004064772766922926
T[T>A]T	0.07463216028745942
T[T>C]A	0.0039838457584787336
T[T>C]C	0.00234920857151693
T[T>C]G	1.0063216792184382e-18
T[T>C]T	0.09661682789212574
T[T>G]A	0.03016340557248334
T[T>G]C	0.02114287917924175
T[T>G]G	1.0063216792184382e-18
T[T>G]T	0.10240226620776606
