#sample_a	sample_b	relatedness	ibs0	ibs2	hom_concordance	hets_a	hets_b	hets_ab	shared_hets	hom_alts_a	hom_alts_b	shared_hom_alts	n	x_ibs0	x_ibs2	expected_relatedness
D091_IX8Y012_19841X13	D091_IX8Y012_19841X3	-nan	0	0	0.000	0	0	0	0	1	0	0	0	0	0	-1.0
D091_IX8Y012_19841X13	D091_IX8Y012_19841X8	-nan	0	0	0.000	0	5	0	0	1	1	0	0	0	0	-1.0
D091_IX8Y012_19841X13	D100_VG6U010_19841X14	-nan	0	0	0.000	0	6	0	0	1	6	0	0	0	0	-1.0
D091_IX8Y012_19841X13	D100_VG6U010_19841X4	-nan	0	0	0.000	0	0	0	0	1	0	0	0	0	0	-1.0
D091_IX8Y012_19841X13	D100_VG6U010_19841X9	-nan	0	1	1.000	0	3913	0	0	1	4021	1	1	0	0	-1.0
D091_IX8Y012_19841X13	D127_V5ET001_19841X12	-nan	0	0	0.000	0	0	0	0	1	4	0	0	0	0	-1.0
D091_IX8Y012_19841X13	D127_V5ET001_19841X2	-nan	0	0	0.000	0	0	0	0	1	0	0	0	0	0	-1.0
D091_IX8Y012_19841X13	D127_V5ET001_19841X7	-nan	0	0	0.000	0	0	0	0	1	0	0	0	0	0	-1.0
D091_IX8Y012_19841X13	D130_WN11-001_19841X11	-nan	0	0	0.000	0	0	0	0	1	2	0	0	0	0	-1.0
D091_IX8Y012_19841X13	D130_WN11-001_19841X1	-nan	0	0	0.000	0	0	0	0	1	0	0	0	0	0	-1.0
D091_IX8Y012_19841X13	D130_WN11-001_19841X6	-nan	0	1	1.000	0	3474	0	0	1	3859	1	1	0	0	-1.0
D091_IX8Y012_19841X13	D212_92N8014_19841X10	-nan	0	0	0.000	0	5	0	0	1	3	0	0	0	0	-1.0
D091_IX8Y012_19841X13	D212_92N8014_19841X15	-nan	0	0	0.000	0	224	0	0	1	316	0	0	0	0	-1.0
D091_IX8Y012_19841X13	D212_92N8014_19841X5	-nan	0	0	0.000	0	0	0	0	1	0	0	0	0	0	-1.0
D091_IX8Y012_19841X3	D091_IX8Y012_19841X8	-nan	0	0	0.000	0	5	0	0	0	1	0	0	0	0	-1.0
D091_IX8Y012_19841X3	D100_VG6U010_19841X14	-nan	0	0	0.000	0	6	0	0	0	6	0	0	0	0	-1.0
D091_IX8Y012_19841X3	D100_VG6U010_19841X4	-nan	0	0	0.000	0	0	0	0	0	0	0	0	0	0	-1.0
D091_IX8Y012_19841X3	D100_VG6U010_19841X9	-nan	0	0	0.000	0	3913	0	0	0	4021	0	0	0	0	-1.0
D091_IX8Y012_19841X3	D127_V5ET001_19841X12	-nan	0	0	0.000	0	0	0	0	0	4	0	0	0	0	-1.0
D091_IX8Y012_19841X3	D127_V5ET001_19841X2	-nan	0	0	0.000	0	0	0	0	0	0	0	0	0	0	-1.0
D091_IX8Y012_19841X3	D127_V5ET001_19841X7	-nan	0	0	0.000	0	0	0	0	0	0	0	0	0	0	-1.0
D091_IX8Y012_19841X3	D130_WN11-001_19841X11	-nan	0	0	0.000	0	0	0	0	0	2	0	0	0	0	-1.0
D091_IX8Y012_19841X3	D130_WN11-001_19841X1	-nan	0	0	0.000	0	0	0	0	0	0	0	0	0	0	-1.0
D091_IX8Y012_19841X3	D130_WN11-001_19841X6	-nan	0	0	0.000	0	3474	0	0	0	3859	0	0	0	0	-1.0
D091_IX8Y012_19841X3	D212_92N8014_19841X10	-nan	0	0	0.000	0	5	0	0	0	3	0	0	0	0	-1.0
D091_IX8Y012_19841X3	D212_92N8014_19841X15	-nan	0	0	0.000	0	224	0	0	0	316	0	0	0	0	-1.0
D091_IX8Y012_19841X3	D212_92N8014_19841X5	-nan	0	0	0.000	0	0	0	0	0	0	0	0	0	0	-1.0
D091_IX8Y012_19841X8	D100_VG6U010_19841X14	-nan	0	0	0.000	5	6	0	0	1	6	0	0	0	0	-1.0
D091_IX8Y012_19841X8	D100_VG6U010_19841X4	-nan	0	0	0.000	5	0	0	0	1	0	0	0	0	0	-1.0
D091_IX8Y012_19841X8	D100_VG6U010_19841X9	0.250	1	5	-2.000	5	3913	8	3	1	4021	0	8	0	0	-1.0
D091_IX8Y012_19841X8	D127_V5ET001_19841X12	-nan	0	0	0.000	5	0	0	0	1	4	0	0	0	0	-1.0
D091_IX8Y012_19841X8	D127_V5ET001_19841X2	-nan	0	0	0.000	5	0	0	0	1	0	0	0	0	0	-1.0
D091_IX8Y012_19841X8	D127_V5ET001_19841X7	-nan	0	0	0.000	5	0	0	0	1	0	0	0	0	0	-1.0
D091_IX8Y012_19841X8	D130_WN11-001_19841X11	-nan	0	0	0.000	5	0	0	0	1	2	0	0	0	0	-1.0
D091_IX8Y012_19841X8	D130_WN11-001_19841X1	-nan	0	0	0.000	5	0	0	0	1	0	0	0	0	0	-1.0
D091_IX8Y012_19841X8	D130_WN11-001_19841X6	-0.333	1	3	-2.000	5	3474	6	1	1	3859	0	8	0	0	-1.0
D091_IX8Y012_19841X8	D212_92N8014_19841X10	-nan	0	0	0.000	5	5	0	0	1	3	0	0	0	0	-1.0
D091_IX8Y012_19841X8	D212_92N8014_19841X15	0.000	0	0	0.000	5	224	1	0	1	316	0	1	0	0	-1.0
D091_IX8Y012_19841X8	D212_92N8014_19841X5	-nan	0	0	0.000	5	0	0	0	1	0	0	0	0	0	-1.0
D100_VG6U010_19841X14	D100_VG6U010_19841X4	-nan	0	0	0.000	6	0	0	0	6	0	0	0	0	0	-1.0
D100_VG6U010_19841X14	D100_VG6U010_19841X9	1.000	0	15	0.833	6	3913	6	3	6	4021	5	15	0	0	-1.0
D100_VG6U010_19841X14	D127_V5ET001_19841X12	-nan	0	0	0.000	6	0	0	0	6	4	0	0	0	0	-1.0
D100_VG6U010_19841X14	D127_V5ET001_19841X2	-nan	0	0	0.000	6	0	0	0	6	0	0	0	0	0	-1.0
D100_VG6U010_19841X14	D127_V5ET001_19841X7	-nan	0	0	0.000	6	0	0	0	6	0	0	0	0	0	-1.0
D100_VG6U010_19841X14	D130_WN11-001_19841X11	-nan	0	0	0.000	6	0	0	0	6	2	0	0	0	0	-1.0
D100_VG6U010_19841X14	D130_WN11-001_19841X1	-nan	0	0	0.000	6	0	0	0	6	0	0	0	0	0	-1.0
D100_VG6U010_19841X14	D130_WN11-001_19841X6	-2.400	3	6	-0.333	6	3474	5	0	6	3859	4	14	0	0	-1.0
D100_VG6U010_19841X14	D212_92N8014_19841X10	1.000	0	1	0.000	6	5	2	1	6	3	0	1	0	0	-1.0
D100_VG6U010_19841X14	D212_92N8014_19841X15	-4.000	1	1	-0.333	6	224	1	0	6	316	0	3	0	0	-1.0
D100_VG6U010_19841X14	D212_92N8014_19841X5	-nan	0	0	0.000	6	0	0	0	6	0	0	0	0	0	-1.0
D100_VG6U010_19841X4	D100_VG6U010_19841X9	-nan	0	0	0.000	0	3913	0	0	0	4021	0	0	0	0	-1.0
D100_VG6U010_19841X4	D127_V5ET001_19841X12	-nan	0	0	0.000	0	0	0	0	0	4	0	0	0	0	-1.0
D100_VG6U010_19841X4	D127_V5ET001_19841X2	-nan	0	0	0.000	0	0	0	0	0	0	0	0	0	0	-1.0
D100_VG6U010_19841X4	D127_V5ET001_19841X7	-nan	0	0	0.000	0	0	0	0	0	0	0	0	0	0	-1.0
D100_VG6U010_19841X4	D130_WN11-001_19841X11	-nan	0	0	0.000	0	0	0	0	0	2	0	0	0	0	-1.0
D100_VG6U010_19841X4	D130_WN11-001_19841X1	-nan	0	0	0.000	0	0	0	0	0	0	0	0	0	0	-1.0
D100_VG6U010_19841X4	D130_WN11-001_19841X6	-nan	0	0	0.000	0	3474	0	0	0	3859	0	0	0	0	-1.0
D100_VG6U010_19841X4	D212_92N8014_19841X10	-nan	0	0	0.000	0	5	0	0	0	3	0	0	0	0	-1.0
D100_VG6U010_19841X4	D212_92N8014_19841X15	-nan	0	0	0.000	0	224	0	0	0	316	0	0	0	0	-1.0
D100_VG6U010_19841X4	D212_92N8014_19841X5	-nan	0	0	0.000	0	0	0	0	0	0	0	0	0	0	-1.0
D100_VG6U010_19841X9	D127_V5ET001_19841X12	-inf	1	4	0.250	3913	0	0	0	4021	4	3	5	0	0	-1.0
D100_VG6U010_19841X9	D127_V5ET001_19841X2	-nan	0	0	0.000	3913	0	0	0	4021	0	0	0	0	0	-1.0
D100_VG6U010_19841X9	D127_V5ET001_19841X7	-nan	0	0	0.000	3913	0	0	0	4021	0	0	0	0	0	-1.0
D100_VG6U010_19841X9	D130_WN11-001_19841X11	0.000	0	2	0.500	3913	0	1	0	4021	2	1	3	0	0	-1.0
D100_VG6U010_19841X9	D130_WN11-001_19841X1	-nan	0	0	0.000	3913	0	0	0	4021	0	0	0	0	0	-1.0
D100_VG6U010_19841X9	D130_WN11-001_19841X6	-0.257	738	3242	-0.027	3913	3474	4678	874	4021	3859	1372	6910	2	5	-1.0
D100_VG6U010_19841X9	D212_92N8014_19841X10	0.000	1	6	0.000	3913	5	5	2	4021	3	2	8	0	0	-1.0
D100_VG6U010_19841X9	D212_92N8014_19841X15	-0.185	50	255	0.032	3913	224	346	68	4021	316	110	515	0	1	-1.0
D100_VG6U010_19841X9	D212_92N8014_19841X5	-nan	0	0	0.000	3913	0	0	0	4021	0	0	0	0	0	-1.0
D127_V5ET001_19841X12	D127_V5ET001_19841X2	-nan	0	0	0.000	0	0	0	0	4	0	0	0	0	0	-1.0
D127_V5ET001_19841X12	D127_V5ET001_19841X7	-nan	0	0	0.000	0	0	0	0	4	0	0	0	0	0	-1.0
D127_V5ET001_19841X12	D130_WN11-001_19841X11	-nan	0	0	0.000	0	0	0	0	4	2	0	0	0	0	-1.0
D127_V5ET001_19841X12	D130_WN11-001_19841X1	-nan	0	0	0.000	0	0	0	0	4	0	0	0	0	0	-1.0
D127_V5ET001_19841X12	D130_WN11-001_19841X6	-nan	0	4	0.750	0	3474	0	0	4	3859	3	4	0	0	-1.0
D127_V5ET001_19841X12	D212_92N8014_19841X10	-nan	0	0	0.000	0	5	0	0	4	3	0	0	0	0	-1.0
D127_V5ET001_19841X12	D212_92N8014_19841X15	0.000	0	3	0.500	0	224	1	0	4	316	2	4	0	0	-1.0
D127_V5ET001_19841X12	D212_92N8014_19841X5	-nan	0	0	0.000	0	0	0	0	4	0	0	0	0	0	-1.0
D127_V5ET001_19841X2	D127_V5ET001_19841X7	-nan	0	0	0.000	0	0	0	0	0	0	0	0	0	0	-1.0
D127_V5ET001_19841X2	D130_WN11-001_19841X11	-nan	0	0	0.000	0	0	0	0	0	2	0	0	0	0	-1.0
D127_V5ET001_19841X2	D130_WN11-001_19841X1	-nan	0	0	0.000	0	0	0	0	0	0	0	0	0	0	-1.0
D127_V5ET001_19841X2	D130_WN11-001_19841X6	-nan	0	0	0.000	0	3474	0	0	0	3859	0	0	0	0	-1.0
D127_V5ET001_19841X2	D212_92N8014_19841X10	-nan	0	0	0.000	0	5	0	0	0	3	0	0	0	0	-1.0
D127_V5ET001_19841X2	D212_92N8014_19841X15	-nan	0	0	0.000	0	224	0	0	0	316	0	0	0	0	-1.0
D127_V5ET001_19841X2	D212_92N8014_19841X5	-nan	0	0	0.000	0	0	0	0	0	0	0	0	0	0	-1.0
D127_V5ET001_19841X7	D130_WN11-001_19841X11	-nan	0	0	0.000	0	0	0	0	0	2	0	0	0	0	-1.0
D127_V5ET001_19841X7	D130_WN11-001_19841X1	-nan	0	0	0.000	0	0	0	0	0	0	0	0	0	0	-1.0
D127_V5ET001_19841X7	D130_WN11-001_19841X6	-nan	0	0	0.000	0	3474	0	0	0	3859	0	0	0	0	-1.0
D127_V5ET001_19841X7	D212_92N8014_19841X10	-nan	0	0	0.000	0	5	0	0	0	3	0	0	0	0	-1.0
D127_V5ET001_19841X7	D212_92N8014_19841X15	-nan	0	0	0.000	0	224	0	0	0	316	0	0	0	0	-1.0
D127_V5ET001_19841X7	D212_92N8014_19841X5	-nan	0	0	0.000	0	0	0	0	0	0	0	0	0	0	-1.0
D130_WN11-001_19841X11	D130_WN11-001_19841X1	-nan	0	0	0.000	0	0	0	0	2	0	0	0	0	0	-1.0
D130_WN11-001_19841X11	D130_WN11-001_19841X6	-nan	0	3	1.000	0	3474	0	0	2	3859	2	3	0	0	-1.0
D130_WN11-001_19841X11	D212_92N8014_19841X10	-nan	0	0	0.000	0	5	0	0	2	3	0	0	0	0	-1.0
D130_WN11-001_19841X11	D212_92N8014_19841X15	-nan	0	0	0.000	0	224	0	0	2	316	0	0	0	0	-1.0
D130_WN11-001_19841X11	D212_92N8014_19841X5	-nan	0	0	0.000	0	0	0	0	2	0	0	0	0	0	-1.0
D130_WN11-001_19841X1	D130_WN11-001_19841X6	-nan	0	0	0.000	0	3474	0	0	0	3859	0	0	0	0	-1.0
D130_WN11-001_19841X1	D212_92N8014_19841X10	-nan	0	0	0.000	0	5	0	0	0	3	0	0	0	0	-1.0
D130_WN11-001_19841X1	D212_92N8014_19841X15	-nan	0	0	0.000	0	224	0	0	0	316	0	0	0	0	-1.0
D130_WN11-001_19841X1	D212_92N8014_19841X5	-nan	0	0	0.000	0	0	0	0	0	0	0	0	0	0	-1.0
D130_WN11-001_19841X6	D212_92N8014_19841X10	0.000	0	1	0.333	3474	5	6	0	3859	3	1	7	0	0	-1.0
D130_WN11-001_19841X6	D212_92N8014_19841X15	-0.292	53	233	0.009	3474	224	322	59	3859	316	109	490	0	0	-1.0
D130_WN11-001_19841X6	D212_92N8014_19841X5	-nan	0	0	0.000	3474	0	0	0	3859	0	0	0	0	0	-1.0
D212_92N8014_19841X10	D212_92N8014_19841X15	-nan	0	0	0.000	5	224	0	0	3	316	0	0	0	0	-1.0
D212_92N8014_19841X10	D212_92N8014_19841X5	-nan	0	0	0.000	5	0	0	0	3	0	0	0	0	0	-1.0
D212_92N8014_19841X15	D212_92N8014_19841X5	-nan	0	0	0.000	224	0	0	0	316	0	0	0	0	0	-1.0
