#family_id	sample_id	paternal_id	maternal_id	sex	phenotype	original_pedigree_sex	gt_depth_mean	gt_depth_sd	depth_mean	depth_sd	ab_mean	ab_std	n_hom_ref	n_het	n_hom_alt	n_unknown	p_middling_ab	X_depth_mean	X_n	X_hom_ref	X_het	X_hom_alt	Y_depth_mean	Y_n
D091_IX8Y012_19841X13	D091_IX8Y012_19841X13	-9	-9	-9	-9	-9	7.0	0.0	0.9	1.0	-0.99	0.15	0	0	1	17383	0.000	0.00	0	0	0	0	0.00	0
D091_IX8Y012_19841X3	D091_IX8Y012_19841X3	-9	-9	-9	-9	-9	0.0	-nan	0.2	0.5	-1.00	0.00	0	0	0	17384	0.000	0.00	0	0	0	0	0.00	0
D091_IX8Y012_19841X8	D091_IX8Y012_19841X8	-9	-9	-9	-9	-9	7.2	0.4	1.4	1.2	-0.97	0.20	5	5	1	17373	0.000	0.00	0	0	0	0	0.00	0
D100_VG6U010_19841X14	D100_VG6U010_19841X14	-9	-9	-9	-9	-9	7.6	0.9	1.6	1.3	-0.96	0.24	8	6	6	17364	0.000	0.00	0	0	0	0	0.00	0
D100_VG6U010_19841X4	D100_VG6U010_19841X4	-9	-9	-9	-9	-9	0.0	-nan	0.1	0.3	0.00	-nan	0	0	0	17384	0.000	0.00	0	0	0	0	0.00	0
D100_VG6U010_19841X9	D100_VG6U010_19841X9	-9	-9	-9	-9	-9	9.8	2.3	8.4	3.0	0.20	0.72	3378	3913	4021	6072	0.002	8.21	56	20	0	36	7.25	4
D127_V5ET001_19841X12	D127_V5ET001_19841X12	-9	-9	-9	-9	-9	9.2	1.6	0.0	0.3	-0.40	0.88	1	0	4	17379	0.000	0.00	0	0	0	0	0.00	0
D127_V5ET001_19841X2	D127_V5ET001_19841X2	-9	-9	-9	-9	-9	0.0	-nan	0.0	0.2	0.00	-nan	0	0	0	17384	0.000	0.00	0	0	0	0	0.00	0
D127_V5ET001_19841X7	D127_V5ET001_19841X7	-9	-9	-9	-9	-9	0.0	-nan	0.1	0.4	0.00	-nan	0	0	0	17384	0.000	0.00	0	0	0	0	0.00	0
D130_WN11-001_19841X11	D130_WN11-001_19841X11	-9	-9	-9	-9	-9	7.0	0.0	1.1	1.0	-0.98	0.18	2	0	2	17380	0.000	0.00	0	0	0	0	0.00	0
D130_WN11-001_19841X1	D130_WN11-001_19841X1	-9	-9	-9	-9	-9	0.0	-nan	0.1	0.4	0.00	-nan	0	0	0	17384	0.000	0.00	0	0	0	0	0.00	0
D130_WN11-001_19841X6	D130_WN11-001_19841X6	-9	-9	-9	-9	-9	9.6	2.3	8.1	3.1	0.15	0.75	3142	3474	3859	6909	0.002	8.05	38	16	0	22	7.00	1
D212_92N8014_19841X10	D212_92N8014_19841X10	-9	-9	-9	-9	-9	7.3	0.4	1.3	1.1	-0.97	0.23	2	5	3	17374	0.000	0.00	0	0	0	0	0.00	0
D212_92N8014_19841X15	D212_92N8014_19841X15	-9	-9	-9	-9	-9	7.8	1.6	3.2	1.9	-0.74	0.60	228	224	316	16616	0.000	8.00	1	0	0	1	0.00	0
D212_92N8014_19841X5	D212_92N8014_19841X5	-9	-9	-9	-9	-9	0.0	-nan	0.2	0.4	0.00	-nan	0	0	0	17384	0.000	0.00	0	0	0	0	0.00	0
